Entity,Code,Year,Geo Biomass Other - TWh (zero filled),Biofuels Consumption - TWh - Total (zero filled),Solar Consumption - TWh (zero filled),Wind Consumption - TWh (zero filled),Hydro Consumption - TWh (zero filled),Nuclear Consumption - TWh (zero filled),Gas Consumption - TWh (zero filled),Coal Consumption - TWh (zero filled),Oil Consumption - TWh (zero filled)
Africa,,1965,0,0,0,0,41.11881256,0,9.543754578,323.4961243,341.2627563
Africa,,1966,0,0,0,0,45.86291504,0,10.66991615,323.1221924,369.4865723
Africa,,1967,0,0,0,0,47.87553787,0,10.54566956,330.2915649,368.1252441
Africa,,1968,0,0,0,0,56.00046921,0,10.68896961,343.5129089,389.1998596
Africa,,1969,0,0,0,0,65.35208893,0,12.49199963,346.6429443,396.9228516
Africa,,1970,0,0,0,0,81.70288086,0,15.52032471,360.756897,433.7723083
Africa,,1971,0.164000005,0,0,0,76.92131805,0,18.4052639,383.0123291,473.5654297
Africa,,1972,0.165000007,0,0,0,87.62504578,0,24.6706562,384.2108154,510.6726379
Africa,,1973,0.170000002,0,0,0,92.68891907,0,39.55179214,408.9103394,549.7197876
Africa,,1974,0.174999997,0,0,0,105.4671555,0,44.51848602,425.6462097,567.7996826
Africa,,1975,0.172000006,0,0,0,111.5316315,0,53.63837814,451.0805054,596.4046631
Africa,,1976,0.185000002,0,0,0,123.5951538,0,60.98139191,481.0741577,652.5804443
Africa,,1977,0.188999996,0,0,0,135.8108673,0,68.23419189,491.6984558,695.1663208
Africa,,1978,0.194999993,0,0,0,136.9291229,0,97.36990356,477.8155823,732.1810303
Africa,,1979,0.201000005,0,0,0,146.563858,0,148.8428192,507.2469788,770.9386597
Africa,,1980,0.207000002,0,0,0,142.8574219,0,186.9139709,543.5570679,817.2388916
Africa,,1981,0.217999995,0,0,0,148.4198914,0,228.4911652,635.7987671,883.8618774
Africa,,1982,0.236000001,0,0,0,148.4593048,0,246.733551,701.1759033,925.2272339
Africa,,1983,0.230000004,0,0,0,133.7953644,0,271.2753296,713.2460327,964.5521851
Africa,,1984,0.233999997,0,0,0,131.556366,11.13724613,259.902771,762.8978271,981.7520752
Africa,,1985,0.268999994,0,0,0,146.2221832,15.08139229,278.8427429,787.1658936,1007.091858
Africa,,1986,0.658999979,0,0,0,151.2363129,24.97864342,313.2712097,805.3560791,988.5931396
Africa,,1987,0.657999992,0,0,0,145.0594177,17.49895477,323.3843689,828.3197021,1042.068604
Africa,,1988,0.625999987,0,0,0,158.4752808,29.77404404,358.4445496,890.1607666,1086.268188
Africa,,1989,0.616999984,0,0,0,166.4081573,31.49357796,371.4710388,835.6208496,1123.926514
Africa,,1990,0.796000004,0,0,0,169.3014069,23.97416306,398.6453857,877.6782837,1142.402832
Africa,,1991,0.811999977,0,0,0,179.3458099,25.94623756,401.6355896,853.762146,1148.7052
Africa,,1992,0.84224999,0,0,0,171.0922546,26.35483932,421.2702637,858.8311768,1170.524658
Africa,,1993,0.937699974,0,0,0.005916667,167.6095581,20.5861702,412.6439819,871.7139282,1180.07666
Africa,,1994,0.834999979,0,0,0.015972223,170.3108978,27.51538277,431.8279419,894.4478149,1221.884644
Africa,,1995,1.018700004,0,0,0.018638888,176.7359161,32.06675339,461.2434998,922.4712524,1266.781738
Africa,,1996,1.258092999,0,0,0.021,184.269104,33.41173935,484.1917725,935.2282104,1293.971191
Africa,,1997,1.386640429,0,0,0.021277778,188.8111572,35.88605118,474.4755249,959.019104,1332.273071
Africa,,1998,1.71254921,0,0,0.022472221,197.0977936,38.59304047,499.3369751,937.0389404,1363.508667
Africa,,1999,1.696124792,0,0,0.058539443,209.0126038,36.42517853,504.0196228,966.0106812,1414.560181
Africa,,2000,2.269063234,0,0.035313889,0.518951416,222.5306396,36.91606903,556.8223877,963.7305908,1420.386475
Africa,,2001,2.335352659,0,0.043955833,1.220885873,237.5763092,30.21781921,634.6361694,975.9262695,1432.664307
Africa,,2002,2.28640008,0,0.049043614,1.294748068,248.1781921,33.58561325,670.6054077,934.4215698,1479.166504
Africa,,2003,2.622400045,0,0.058158889,1.553291917,239.476593,35.24045944,711.5067139,1017.048401,1524.815063
Africa,,2004,2.978849649,0,0.070790559,2.213917017,251.3361664,36.95752716,783.0681763,1119.161865,1586.510742
Africa,,2005,3.009669304,0,0.084134445,2.234556675,254.3791809,31.02905273,807.7815552,1039.072632,1654.919189
Africa,,2006,3.770404816,0,0.107861668,2.425894022,261.9176636,27.37537956,843.4420776,1054.097046,1673.716797
Africa,,2007,3.142048359,0,0.142732784,2.873494387,269.1854553,30.70724869,900.0696411,1071.633301,1734.740723
Africa,,2008,3.267395735,0,0.204168335,3.686172962,272.48349,35.06555176,935.1621094,1180.725098,1824.850952
Africa,,2009,3.562722206,0,0.267598331,4.438264847,278.0455933,34.31848145,940.8606567,1176.002075,1885.976318
Africa,,2010,3.76455307,0,0.59966141,6.341038704,298.9256287,36.02827454,980.7318115,1164.840088,1966.2146
Africa,,2011,3.858768463,0,1.660955548,6.58354044,305.5223999,34.1540947,1060.526978,1147.299316,1934.170898
Africa,,2012,4.042406559,0,2.721807241,6.897696018,304.9770508,34.11926651,1146.770386,1118.487061,2046.829956
Africa,,2013,4.433248997,0,2.146321058,9.793644905,320.6520691,36.89141464,1169.745483,1130.160645,2121.441406
Africa,,2014,5.4620471,0,5.158529282,13.70823193,336.1504211,35.85942459,1202.319946,1183.80603,2143.333496
Africa,,2015,7.169681549,0,8.775348663,23.99623108,324.2737122,31.62243271,1325.359863,1119.038574,2199.14502
Africa,,2016,7.231852055,0,14.41341496,29.9195652,314.3547668,38.59990692,1370.495117,1186.287964,2210.926025
Africa,,2017,7.62603569,0,20.68731308,33.1529007,336.2319031,36.24556351,1448.744873,1185.067139,2233.089844
Africa,,2018,8.172670364,0,26.59893036,39.07558823,356.1150818,29.39964104,1543.550781,1163.599854,2257.501953
Africa,,2019,8.262966156,0,33.98899078,50.95765305,367.500946,34.3906517,1549.72998,1231.316772,2262.036133
Africa,,2020,8.066415787,0,42.1750679,55.9475708,384.4180298,35.15513611,1535.972412,1157.901123,2011.052612
Africa,,2021,8.026316643,0,43.2150383,63.88870239,401.4471436,26.17469978,1643.815063,1168.740601,2183.541992
Asia,,1965,0.100000001,0,0,0,422.5711365,0.070937775,94.07476807,2604.78418,2232.485107
Asia,,1966,0.122000001,0,0,0,440.7261353,1.657108665,108.5265045,2753.782959,2505.829102
Asia,,1967,0.172999993,0,0,0,411.7628174,1.784796953,126.2115326,2667.210938,2878.504639
Asia,,1968,0.179000005,0,0,0,457.686615,2.962365627,148.6493683,2708.168457,3250.342529
Asia,,1969,0.178000003,0,0,0,475.1415405,5.12677002,183.4802246,3056.827393,3744.902832
Asia,,1970,0.408703983,0,0,0,486.3695679,16.71052933,218.3395233,3440.953613,4295.116699
Asia,,1971,0.397611022,0,0,0,532.0237427,25.62526131,249.0179138,3697.762939,4780.219238
Asia,,1972,0.423591018,0,0,0,550.2113037,30.09737015,276.8143005,3842.574707,5166.904297
Asia,,1973,0.450998008,0,0,0,511.508667,34.16493988,338.3571777,3932.507568,5872.899414
Asia,,1974,0.51454699,0,0,0,582.5668945,62.50484467,400.5083008,4027.637695,5863.51416
Asia,,1975,0.598506987,0,0,0,627.5821533,79.10505676,459.1583557,4352.356445,5818.068359
Asia,,1976,0.528553009,0,0,0,645.5118408,105.7034683,511.2312317,4453.995605,6275.469238
Asia,,1977,0.752774,0,0,0,634.1105957,96.49886322,619.9296265,4754.668457,6687.268555
Asia,,1978,0.967643976,0,0,0,667.8612061,189.3702087,733.887207,4987.234863,7108.488281
Asia,,1979,1.881672025,0,0,0,722.0882568,233.4526825,894.380188,5233.939453,7371.070801
Asia,,1980,3.272289991,0,0,0,773.6870117,274.6574097,932.2665405,5541.419434,6965.992676
Asia,,1981,5.158716679,0,0,0,825.0414429,295.1559448,957.2913818,5723.564453,6899.109375
Asia,,1982,13.7869091,0,0,0,817.2094727,345.1878357,1022.451721,5951.464355,6872.519043
Asia,,1983,15.96975803,0,0,0,854.6578979,412.8858643,1100.340332,6326.967285,7120.473633
Asia,,1984,17.50414276,0,0,0,856.6503296,496.6099243,1353.000854,6892.806641,7476.664063
Asia,,1985,18.65061569,0,0,0,1014.913513,610.6749268,2157.772217,7993.004883,8199.693359
Asia,,1986,19.50979042,0,0,0,1022.638123,649.5678101,2427.474121,8322.275391,8385.080078
Asia,,1987,19.83908463,0,0,0,1059.524292,768.979126,2586.56665,8908.043945,8673.916016
Asia,,1988,21.39615822,0,0,0,1217.433228,725.6453857,2777.180664,9504.191406,9304.535156
Asia,,1989,23.11325264,0,0,0,1245.499756,757.5465088,3012.629639,9890.94043,9747.575195
Asia,,1990,18.88140678,0,0.011805556,0.098522499,1313.259888,814.7597656,3132.374023,10067.66211,10316.57617
Asia,,1991,19.27264595,0,0.011805556,0.363706946,1327.732788,870.1725464,3316.261963,10460.02246,10674.09668
Asia,,1992,19.52909851,0,0.045826111,0.652840555,1337.372437,893.3348389,3529.380371,10791.16309,11296.72363
Asia,,1993,19.34342575,0,0.084282227,0.916196406,1486.406494,989.9413452,3513.726318,11286.32422,11734.91406
Asia,,1994,22.93911934,0,0.10644722,1.709341049,1475.040161,1056.800171,3796.997314,11824.19727,12348.58789
Asia,,1995,27.5710144,0,0.146412224,3.295817614,1592.345459,1165.041748,4033.958008,12006.16309,13025.04688
Asia,,1996,28.01380348,0,0.214544728,2.888610363,1581.760376,1230.607178,4316.743164,12509.93457,13584.34473
Asia,,1997,31.61406326,0,0.344077021,3.536096096,1575.561157,1309.116333,4538.37793,12527.63184,14226.38086
Asia,,1998,33.69692612,0,0.494760811,4.311215401,1670.135742,1362.20752,4738.89209,12504.70313,13953.07227
Asia,,1999,36.97982025,0,0.726437449,6.001977444,1626.857056,1385.10498,5115.055176,12813.23047,14394.84766
Asia,,2000,40.58894348,0,1.128768325,7.045430183,1675.664795,1424.558105,5395.23291,13317.10352,14903.10742
Asia,,2001,41.51584244,0,1.628574729,9.402443886,1796.93811,1433.763428,5743.811523,13945.7832,15058.35059
Asia,,2002,42.87122726,0,2.249887943,10.12917423,1849.283447,1460.871094,6074.999023,15021.72559,15456.1543
Asia,,2003,44.73683548,0,3.054902554,13.32398987,1909.29895,1291.363892,6503.450195,17196.30859,16080.26367
Asia,,2004,47.31674576,0,4.007902622,23.48332214,2234.632568,1472.235596,6988.337402,19349.20898,17059.16406
Asia,,2005,52.97130585,0,5.063903809,29.35216904,2300.812012,1527.342529,7521.408691,21995.96289,17239.04492
Asia,,2006,56.99623871,0,6.241994381,45.6914711,2516.38916,1557.873779,7977.540039,23728.76563,17689.32617
Asia,,2007,63.23910904,0,7.440398216,60.31357956,2625.080811,1485.078491,8605.575195,25784.41602,18248.25
Asia,,2008,71.15206909,0,8.967247009,91.66824341,2960.182861,1432.828979,9200.066406,26500.44336,18480.46484
Asia,,2009,80.0868988,0,11.51454639,141.5235901,2858,1489.733398,9460.393555,27379.11523,18629.80664
Asia,,2010,91.83975983,0,16.25839615,216.3990631,3271.557861,1559.268677,10398.67188,28691.0293,19729.68945
Asia,,2011,100.9921494,0,28.53759384,303.7643127,3292.089111,1285.972046,11160.10254,30863.79492,20295.57422
Asia,,2012,109.7155914,0,42.70378113,395.0643616,3703.806152,912.1577759,11738.72461,31625.37891,21202.18555
Asia,,2013,121.8198929,0,79.6756897,504.1836243,3975.963135,917.2199097,12044.90723,32274.05273,21588.26758
Asia,,2014,140.6615448,0,160.7481995,571.7406616,4315.175293,982.4117432,12535.03906,32904.27344,21946.36719
Asia,,2015,163.3727722,0,246.3854523,648.833374,4468.980957,1100.936523,12983.82617,32640.43164,22738.82422
Asia,,2016,166.4624176,0,370.1826782,835.7451782,4614.269531,1224.212158,13336.9043,32643.13672,23536.89258
Asia,,2017,194.7893982,0,579.5465088,1040.344727,4707.219238,1284.937012,13976.30566,33240.15234,24108.03516
Asia,,2018,232.831955,0,821.727356,1232.037476,4788.033691,1428.219482,14723.51855,34077.93359,24619.21094
Asia,,2019,260.6604004,0,1032.667847,1355.179565,5099.429199,1658.125366,15092.28906,34519.42578,24867.57813
Asia,,2020,285.712616,0,1228.240234,1520.194092,5202.053223,1677.67334,15312.17969,34101.30469,23417.27539
Asia,,2021,336.3572388,0,1516.780151,2055.680176,5071.185059,1833.94043,16249.49707,36037.97266,24457.22461
North America,,1965,13.33223248,0,0,0,964.8363037,11.28524208,4467.994141,3412.83374,7466.546387
North America,,1966,14.06200695,0,0,0,1009.71698,17.00928497,4818.547852,3566.435059,7833.952148
North America,,1967,14.07357121,0,0,0,1101.430664,23.4070015,5073.147461,3502.899658,8160.851074
North America,,1968,15.5460453,0,0,0,1115.753906,40.07651901,5441.502441,3634.59375,8699.626953
North America,,1969,16.22706032,0,0,0,1243.190796,43.10152054,5880.727051,3642.346191,9124.702148
North America,,1970,16.23590279,0,0,0,1262.792236,68.06929016,6213.835449,3624.509766,9575.995117
North America,,1971,17.58941269,0,0,0,1331.263184,125.9205322,6418.508301,3432.419678,9905.831055
North America,,1972,19.53897858,0,0,0,1409.936768,182.0238495,6532.893555,3556.749023,10679.77734
North America,,1973,21.15769196,0,0,0,1449.198853,292.6247559,6521.562988,3812.286377,11345.54785
North America,,1974,21.87626457,0,0,0,1583.434204,382.1294556,6325.489746,3731.255859,11017.25195
North America,,1975,21.30730057,0,0,0,1551.348389,550.9156494,5870.05957,3729.357666,10800.1875
North America,,1976,24.97275543,0,0,0,1540.391602,620.2172241,5978.472168,4013.345215,11553.23242
North America,,1977,26.41312218,0,0,0,1377.993164,824.0985107,5901.933594,4174.834473,12132.09668
North America,,1978,27.7767868,0,0,0,1593.647217,914.112793,5964.01123,4084.031494,12456.77051
North America,,1979,29.43803596,0,0,0,1624.703857,862.1925659,6184.562988,4426.28125,12294.89355
North America,,1980,30.18911743,0,0,0,1629.638428,857.9628906,6086.529297,4579.549316,11572.87012
North America,,1981,31.56660271,0,0,0,1652.903076,928.1277466,5964.575195,4716.77832,10935.06543
North America,,1982,31.26404762,0,0,0,1766.698486,953.3853149,5650.994141,4573.801758,10349.13867
North America,,1983,34.77360153,0,0.008861111,0.007972222,1853.259399,1015.103394,5337.40918,4751.335449,10217.19824
North America,,1984,40.6583252,0,0.015666667,0.019388888,1889.360107,1126.741455,5702.672363,5111.611328,10544.77344
North America,,1985,40.93689346,0,0.031750277,0.020166667,1835.925537,1317.758911,5554.889648,5217.144531,10521.33594
North America,,1986,45.25267029,0,0.041911665,0.015444444,1865.749268,1438.894043,5210.82959,5136.490723,10960.85742
North America,,1987,50.7304306,0,0.031353056,0.013527778,1753.891968,1579.057129,5500.998535,5366.754395,11218.51367
North America,,1988,50.96106339,0,0.027166666,0.005547222,1656.270996,1809.129883,5781.152832,5620.67334,11646.96582
North America,,1989,58.42126846,0,0.748509467,6.31131649,1750.044189,1807.225586,6129.262207,5685.647949,11753.94434
North America,,1990,68.17215729,0,1.099381089,8.337762833,1814.707764,1936.943848,6131.630859,5696.626465,11500.89746
North America,,1991,71.76111603,0,1.420105338,8.822681427,1828.954834,2080.994629,6264.194824,5635.021973,11279.02441
North America,,1992,77.14593506,0,1.223893046,8.802027702,1758.6073,2086.380859,6480.356445,5677.257324,11491.75098
North America,,1993,79.33348083,0,1.422965288,9.160468102,1862.385132,2101.540039,6665.275879,5845.817871,11580.81055
North America,,1994,79.46938324,0,1.504893661,10.50826454,1799.047729,2228.783936,6848.821777,5891.263672,11930.9707
North America,,1995,77.8053894,0,1.547425866,9.669330597,1992.96167,2311.018555,7133.505859,5960.484863,11891.56641
North America,,1996,79.78420258,0,1.635934711,9.882565498,2173.228271,2299.070068,7271.088867,6229.240234,12302.80371
North America,,1997,81.07454681,0,1.613481045,10.06343269,2165.12207,2139.887695,7331.80127,6367.078613,12512.90234
North America,,1998,81.80744171,0,1.6019876,9.291984558,2008.754028,2239.984619,7236.260742,6449.967773,12769.61621
North America,,1999,82.72299194,0,1.592945218,13.9681263,2060.306641,2410.654297,7320.500977,6428.910156,13059.22949
North America,,2000,83.22052002,0,1.603229403,17.66005135,1963.875488,2480.232666,7643.197266,6721.992188,13269.02832
North America,,2001,84.05501556,0,1.771160007,21.15343285,1679.151367,2520.770508,7330.981934,6558.929688,13269.91211
North America,,2002,89.12303925,0,1.849487305,31.948946,1850.633179,2537.243652,7616.769531,6622.439941,13277.14648
North America,,2003,88.68376923,0,1.865579486,35.01656723,1821.744629,2473.489746,7517.033203,6704.677246,13504.17383
North America,,2004,90.0951004,0,2.086409569,44.22449112,1810.886597,2568.840332,7569.074219,6730.000488,13996.50488
North America,,2005,90.679039,0,2.240923643,56.36219788,1886.121094,2542.598145,7535.271484,6845.555176,14003.79688
North America,,2006,90.2978363,0,2.455134153,83.93533325,1910.389771,2557.875488,7533.932617,6751.022461,13867.04199
North America,,2007,91.93276978,0,3.224645853,107.9634933,1810.673584,2583.459717,7969.520508,6841.358398,13860.28418
North America,,2008,90.33460999,0,4.779889107,168.897995,1882.318359,2571.933105,8030.984375,6707.563965,13070.06055
North America,,2009,90.57062531,0,6.243008614,229.1803436,1868.721436,2521.402588,7940.485352,5903.345215,12438.46289
North America,,2010,93.5770874,0,9.294369698,293.8024597,1798.255493,2517.871094,8290.134766,6254.896973,12645.73047
North America,,2011,94.174263,0,15.01126289,368.4951477,2014.46228,2474.653564,8527.973633,5924.992676,12471.00586
North America,,2012,95.67842865,0,27.94668579,432.6119995,1888.066162,2401.699463,8846.603516,5252.812012,12273.22266
North America,,2013,100.1360779,0,48.76556015,506.3544922,1877.30249,2471.625977,9142.066406,5431.86084,12376.56836
North America,,2014,101.9393845,0,86.36484528,551.9234009,1839.259766,2483.523438,9351.393555,5410.141602,12382.55859
North America,,2015,102.3693542,0,115.6696854,617.894165,1779.787109,2459.641113,9579.754883,4727.963379,12586.74023
North America,,2016,102.6898346,0,161.2533112,727.3032837,1825.224731,2464.551514,9578.896484,4340.859375,12675.83594
North America,,2017,102.8344345,0,222.2314606,799.0690918,1931.945435,2448.530518,9578.892578,4271.401855,12710.4082
North America,,2018,101.076889,0,270.119751,854.744873,1879.335938,2445.269775,10464.13281,4050.202148,12978.33105
North America,,2019,95.82292175,0,318.2161255,923.3530273,1825.35437,2437.632324,10783.87793,3501.05249,12868.10645
North America,,2020,91.94280243,0,387.6333618,1047.475586,1833.254272,2369.32373,10486.87402,2809.567383,11174.98633
North America,,2021,93.34476471,0,483.6045837,1156.387085,1766.90271,2317.584717,10557.09473,3175.751465,12029.80664
South America,,1965,0,0,0,0,117.0422287,0,136.2531433,66.62467957,741.8413696
South America,,1966,0,0,0,0,130.3890991,0,144.3767853,67.29802704,787.4890137
South America,,1967,0,0,0,0,137.9512787,0,155.3093719,71.30020905,806.4468994
South America,,1968,0,0,0,0,146.5208435,0,163.1776276,68.36894226,874.4987793
South America,,1969,0,0,0,0,158.0079803,0,168.6268616,74.43403625,910.8325806
South America,,1970,0.570933342,0,0,0,185.9369354,0,168.8463593,82.69844818,937.9095459
South America,,1971,1.041386008,0,0,0,206.4591522,0,172.7634888,76.89489746,997.0900269
South America,,1972,1.135597587,0,0,0,234.4560852,0,183.0457458,75.25930023,1063.525757
South America,,1973,1.152770638,0,0,0,264.7036438,0,211.0489044,78.59629822,1172.523682
South America,,1974,1.224155068,0,0,0,304.8614197,2.939665556,225.8392181,85.878479,1225.790405
South America,,1975,1.500167847,0,0,0,332.3409424,7.142024994,226.175293,90.08919525,1234.893555
South America,,1976,1.517300248,0,0,0,370.6204834,7.298088551,265.0342407,90.75426483,1297.182495
South America,,1977,1.768848538,0,0,0,412.1504822,4.645011902,284.3225403,103.4525223,1352.478027
South America,,1978,1.963916898,0,0,0,452.5986023,8.217443466,290.7467346,110.9081116,1415.236206
South America,,1979,2.423003197,0,0,0,513.1847534,7.638590336,313.8103943,117.4326096,1496.434937
South America,,1980,2.405525923,0,0,0,576.1171875,6.639784813,332.2703247,124.2895966,1501.049072
South America,,1981,2.447640896,0,0,0,582.0396118,7.990441799,340.6192627,122.7179489,1477.845581
South America,,1982,2.903447866,0,0,0,631.0054321,5.306152821,374.7425537,123.0538559,1461.373047
South America,,1983,3.801430464,0,0,0,678.7393188,9.661738396,388.0720825,135.7727966,1411.233643
South America,,1984,3.644667387,0,0,0,748.133667,17.83094406,420.1682739,156.7292633,1390.817993
South America,,1985,3.913131952,0,0,0,809.9401855,25.95475006,428.9040222,179.8253784,1397.078125
South America,,1986,4.114923,0,0,0,871.2144165,16.61364937,465.9500122,182.3799896,1489.908569
South America,,1987,4.456683636,0,0,0,930.3077393,21.10543633,465.1085815,199.6647034,1528.447388
South America,,1988,4.306745052,0,0,0,965.2935181,18.17712021,501.5442505,198.1974945,1575.372192
South America,,1989,4.344163895,0,0,0,990.3535767,19.4908905,521.8252563,214.5418549,1556.015381
South America,,1990,5.476084232,0,0,0,1028.749878,27.00746727,540.3678589,179.8761292,1537.565063
South America,,1991,5.677515507,0,0,0,1101.410767,26.09946442,549.3063965,190.3288269,1560.004883
South America,,1992,7.399188995,0,0,0,1123.878662,25.08363342,568.6452637,200.2380219,1696.003662
South America,,1993,7.461511135,0,0,0,1211.027222,23.24492264,609.3254395,202.4307404,1716.540527
South America,,1994,7.956069946,0,0,0,1286.894043,23.52299881,634.7492065,215.739624,1842.360107
South America,,1995,8.332387924,0,0,0,1334.11145,27.19758034,700.0896606,219.1800842,1902.884033
South America,,1996,9.466309547,0,0,0.035540279,1382.471802,28.05167198,773.3727417,225.4737701,1935.460815
South America,,1997,10.05349922,0,0,0.056756668,1463.272949,31.58154106,783.8485107,242.629837,2067.474121
South America,,1998,9.659915924,0,5.03E-05,0.11247889,1496.356812,30.41248512,845.7594604,237.4454346,2142.436279
South America,,1999,10.81879139,0,7.69E-05,0.110538609,1492.441162,31.44817734,827.1754761,234.5066376,2190.0354
South America,,2000,10.39783192,0,0.005569722,0.111118056,1577.248169,34.68294525,875.3867798,236.4098511,2134.067383
South America,,2001,11.82620525,0,0.008005833,0.274652213,1472.254517,60.1537323,909.8303833,222.495575,2135.449707
South America,,2002,13.35462475,0,0.013766388,0.41925028,1534.44104,55.05732727,911.9396973,212.983902,2132.609863
South America,,2003,15.29844189,0,0.018842777,0.429733902,1590.061157,58.23038864,943.7163696,222.6734009,2084.281738
South America,,2004,16.12934685,0,0.023188889,0.55519557,1630.879761,53.86651611,1059.85144,234.2243042,2168.959229
South America,,2005,17.37404251,0,0.027647223,0.63950026,1716.491943,45.96386337,1091.09021,220.9019623,2236.537354
South America,,2006,18.47776985,0,0.000402222,1.077972174,1783.388916,58.63644791,1160.605469,255.3773041,2276.333496
South America,,2007,23.22475433,0,0.000465278,2.24091363,1835.567261,53.19232559,1190.263306,272.5182495,2438.48999
South America,,2008,26.76540565,0,0.000754722,3.746874094,1833.228516,57.60463333,1197.767334,292.8236389,2526.211914
South America,,2009,30.25882721,0,0.000595611,4.086517334,1872.783325,56.652565,1143.199585,245.3158875,2513.464355
South America,,2010,40.12084961,0,0.031627223,7.343283653,1861.389771,57.88483047,1240.755127,301.7665405,2679.01709
South America,,2011,42.04150772,0,0.110784717,8.916870117,1964.87207,58.39544296,1289.025635,318.6210632,2792.624512
South America,,2012,47.18723297,0,0.353173882,16.4680748,1912.86853,59.04406357,1383.285645,336.9368591,2916.185059
South America,,2013,53.80161667,0,0.760657251,21.60910416,1840.794189,56.63873672,1433.626221,365.9592285,3051.621826
South America,,2014,59.2207756,0,2.087102175,42.09154892,1776.912476,54.31287003,1484.236938,383.0173035,3051.637939
South America,,2015,62.88766861,0,4.912874222,73.38935089,1721.818359,56.26542664,1545.610596,374.8722534,2913.320068
South America,,2016,64.83843994,0,8.447523117,109.2805252,1751.915649,62.03662872,1534.115112,360.4757385,2761.442871
South America,,2017,67.54167938,0,14.5380125,137.5812073,1786.479614,55.74149323,1538.713501,358.6936035,2738.072021
South America,,2018,71.01970673,0,26.8569088,158.7309875,1801.076172,57.24015427,1470.750122,350.5870972,2638.776855
South America,,2019,72.4074707,0,41.05236435,191.3544312,1763.960327,62.15365601,1398.971069,345.4646912,2595.694824
South America,,2020,76.69767761,0,56.67580795,209.0391541,1740.007568,62.28621674,1270.645874,306.1016235,2318.180664
South America,,2021,72.65890503,0,83.13884735,266.4516296,1643.829834,64.1200943,1414.687866,340.1932983,2549.027832
Oceania,,1965,1.644000053,0,0,0,52.36394882,0,0.029475,221.1591187,232.6555481
Oceania,,1966,1.643000007,0,0,0,53.67076111,0,0.039299998,227.9968872,250.1810303
Oceania,,1967,1.423999906,0,0,0,55.67018127,0,0.039299998,232.2414246,272.3395691
Oceania,,1968,1.576999903,0,0,0,58.32301331,0,0.304574996,237.6856995,294.2809448
Oceania,,1969,1.60800004,0,0,0,60.08720779,0,4.12650013,245.6760712,302.9532166
Oceania,,1970,1.534000039,0,0,0,67.54090881,0,18.01437378,248.1043701,337.8052979
Oceania,,1971,1.519000053,0,0,0,76.59024811,0,26.7290802,247.1651001,354.7210388
Oceania,,1972,1.536999941,0,0,0,79.30030823,0,38.70946503,257.8867493,363.9765015
Oceania,,1973,1.58100009,0,0,0,80.9697876,0,48.96960068,269.9310303,387.8557129
Oceania,,1974,2.508057594,0,0,0,85.93841553,0,56.90546799,281.5140076,405.2792969
Oceania,,1975,2.595162868,0,0,0,93.29725647,0,61.14462662,288.9582825,399.9373779
Oceania,,1976,2.53884697,0,0,0,87.68315125,0,77.40734863,298.7083435,409.0279236
Oceania,,1977,2.407004833,0,0,0,83.57679749,0,93.10903931,310.2917175,425.4674377
Oceania,,1978,2.406162739,0,0,0,89.70010376,0,98.10406494,316.722229,431.4581299
Oceania,,1979,2.295583963,0,0,0,96.66247559,0,105.902916,328.7916565,436.8979492
Oceania,,1980,2.356478691,0,0,0,97.08163452,0,119.3642502,338.3921204,416.9584656
Oceania,,1981,2.342583895,0,0,0,99.19557953,0,130.6219177,346.7168274,409.1465149
Oceania,,1982,2.484320641,0,0,0,91.88659668,0,136.4074097,349.9910889,403.3903198
Oceania,,1983,2.417383909,0,0,0,94.2545166,0,148.1665497,351.3042908,364.6885986
Oceania,,1984,2.579431295,0,0,0,99.06716919,0,152.3624268,369.6199341,376.1201782
Oceania,,1985,2.46620822,0,0,0,99.49786377,0,168.4417114,380.8049316,375.5852356
Oceania,,1986,2.543034554,0,0,0,106.8167877,0,187.9462433,392.0429688,366.7616577
Oceania,,1987,2.5479002,0,0,0,105.0983582,0,189.6500244,405.5109863,381.0901794
Oceania,,1988,2.818282843,0,0,0,110.2871246,0,197.1453705,426.9298401,396.3376465
Oceania,,1989,3.388134956,0,0,0,108.854248,0,190.8909302,448.2926331,411.4927979
Oceania,,1990,3.712442636,0,0,0,112.2023773,0,212.2080688,458.2755127,425.5769043
Oceania,,1991,3.841329336,0,0.016111111,0,113.9859161,0,209.1667175,466.5444336,414.0763245
Oceania,,1992,3.739321947,0,0.035779443,0.002041667,109.5096283,0,217.5306549,470.5821228,423.6464539
Oceania,,1993,3.888085365,0,0.043171946,0.008833334,117.9244308,0,222.3939514,473.295166,434.6604004
Oceania,,1994,3.771142483,0,0.051451668,0.01925,124.1553497,0,238.337677,481.8815918,456.8666992
Oceania,,1995,3.850061655,0,0.062540278,0.023694444,127.640686,0,238.0461884,497.822052,493.6833496
Oceania,,1996,3.897951841,0,0.07569889,0.045305558,124.6413193,0,245.7014771,517.4160767,506.3389893
Oceania,,1997,4.043432713,0,0.090631664,0.062362775,115.9455032,0,246.110199,543.9866333,517.3220215
Oceania,,1998,4.388910294,0,0.105268888,0.118485555,121.5835114,0,245.264679,566.3304443,518.0960083
Oceania,,1999,4.689715862,0,0.120053887,0.242452219,115.917038,0,256.9742432,601.0143433,528.6461182
Oceania,,2000,4.630385399,0,0.13823916,0.751690507,120.9452057,0,264.3034668,604.5218506,530.4658203
Oceania,,2001,4.32725668,0,0.159081116,1.251462221,111.0620804,0,283.6863403,601.6179199,531.9082031
Oceania,,2002,4.633799553,0,0.170168057,2.011173964,119.5788879,0,287.3301392,614.7907104,539.6235352
Oceania,,2003,4.96843338,0,0.183287784,2.466819286,115.5216522,0,274.566925,638.9957275,542.2156982
Oceania,,2004,6.209954739,0,0.210216388,3.332736015,123.6999207,0,275.2541809,665.6598511,553.6395264
Oceania,,2005,7.678543568,0,0.240669996,5.478958607,111.081131,0,270.1660767,664.6497803,564.0701904
Oceania,,2006,8.004056931,0,0.277426958,7.92250824,109.6002197,0,297.5850525,681.5203857,579.836792
Oceania,,2007,8.533370972,0,0.331280828,10.69400597,103.7438583,0,332.3504639,669.5234985,592.8636475
Oceania,,2008,8.589101791,0,0.400882244,12.69277382,95.99858093,0,324.3947754,701.7637939,600.4674683
Oceania,,2009,8.369371414,0,0.820590258,16.5166893,102.9379425,0,331.5032959,673.6802368,587.8935547
Oceania,,2010,9.050294876,0,2.724179029,18.38037109,106.7834778,0,360.8242493,623.4663086,603.1524048
Oceania,,2011,9.511331558,0,5.651586533,23.14295578,123.2640533,0,368.152832,608.3318481,633.4485474
Oceania,,2012,10.28452969,0,6.626770496,26.88247108,109.4927673,0,374.2571716,574.7403564,646.5470581
Oceania,,2013,10.90992069,0,10.50399399,30.74508667,114.7893448,0,393.8041077,544.1193848,664.3806152
Oceania,,2014,11.90957451,0,13.4661665,32.47727203,105.118576,0,424.4990845,538.3983154,663.2347412
Oceania,,2015,12.63744736,0,16.78293991,38.23248291,103.9931946,0,435.9768677,557.0846558,661.8961182
Oceania,,2016,12.57348347,0,20.06786537,41.17409515,116.6237259,0,426.6825562,553.8584595,665.3361206
Oceania,,2017,12.53908539,0,23.93672371,40.72263718,102.9269257,0,421.0650635,536.0623169,698.3133545
Oceania,,2018,12.48664284,0,32.89430237,48.49597168,115.2635193,0,412.7112427,524.5550537,708.6417236
Oceania,,2019,12.44956398,0,48.56668472,57.27270889,104.4357147,0,487.2842407,504.2293701,705.0955811
Oceania,,2020,12.42761707,0,63.03853989,65.4253006,101.6088181,0,476.702179,485.6014404,605.0353394
Oceania,,2021,12.3586216,0,82.16015625,77.02965546,105.2411652,0,432.8874207,472.9998474,617.1622314
Europe,,1965,2.909000158,0,0,0,1127.94458,61.11317062,1595.903564,9511.277344,6933.429688
Europe,,1966,3.979000092,0,0,0,1224.355591,79.03858185,1786.634644,9385.44043,7553.142578
Europe,,1967,4.315999985,0,0,0,1214.293335,91.16337585,2008.786133,9256.839844,8203.193359
Europe,,1968,4.818000317,0,0,0,1292.505615,104.8329926,2280.008301,9308.797852,8936.365234
Europe,,1969,5.244904041,0,0,0,1309.094604,126.9383469,2583.965332,9432.775391,9826.947266
Europe,,1970,6.952357292,0,0,0,1382.162598,138.9005127,2980.235596,9301.574219,10877.07617
Europe,,1971,7.069883823,0,0,0,1398.80957,159.6222687,3407.776123,9128.503906,11434.07324
Europe,,1972,6.947607994,0,0,0,1429.786377,219.4708862,3805.590332,9041.875977,12275.27148
Europe,,1973,7.466391087,0,0,0,1446.128418,251.6535645,4218.347168,9165.501953,13148.83594
Europe,,1974,7.83506012,0,0,0,1561.188232,308.8340149,4606.603027,9130.070313,12937.70898
Europe,,1975,8.300942421,0,0,0,1560.090332,412.2160339,4989.56543,9112.682617,12798.23145
Europe,,1976,8.324597359,0,0,0,1490.898926,494.4417419,5461.017578,9350.599609,13493.77441
Europe,,1977,8.662291527,0,0,0,1758.560913,602.8950806,5792.314453,9406.339844,13559.6377
Europe,,1978,9.235138893,0,0,0.008861111,1821.194702,664.0004883,6109.833496,9481.176758,14288.75488
Europe,,1979,9.617958069,0,0,0.017750001,1895.087036,743.5408325,6470.533203,9749.822266,14616.5332
Europe,,1980,10.604949,0,0,0.031048333,1884.656128,880.8355713,6579.616699,9730.222656,14167.7207
Europe,,1981,10.64352322,0,0,0.031048333,1905.966675,1154.368774,6774.275391,9603.928711,13576.33887
Europe,,1982,9.836120605,0,0,0.054704167,1853.499878,1284.43811,7038.405762,9685.923828,13103.4502
Europe,,1983,10.13665199,0,0,0.088995554,1919.515259,1495.807983,7458.569336,9767.6875,12790.34082
Europe,,1984,10.48847771,0,0.003,0.112949722,1995.244019,1907.537109,8014.574219,9707.405273,12839.50098
Europe,,1985,11.89873981,0,0.003,0.169739157,1924.099854,2255.367432,7673.371094,9429.620117,12087.63184
Europe,,1986,12.97520924,0,0.003,0.395036668,1888.249146,2395.032471,7815.639648,9419.21582,12438.03613
Europe,,1987,12.81740189,0,0,0.564202487,1991.342163,2535.69043,8216.1875,9503.837891,12472.55859
Europe,,1988,13.60969925,0,0.003,0.974921405,2068.304688,2783.721436,8473.379883,9326.826172,12468.50195
Europe,,1989,13.47467613,0,0.026888888,1.523996353,1879.498657,2903.23999,8641.229492,9140.236328,12485.89746
Europe,,1990,18.93775177,0,0.03695,2.30486083,1910.733032,2873.655518,9065.899414,8624.070313,12604.49316
Europe,,1991,19.53473282,0,0.045811109,2.897927284,1947.237915,2944.714111,9232.273438,8048.179199,12446.9375
Europe,,1992,20.65990257,0,0.074175,4.539108753,1998.036621,2961.930176,8846.302734,7558.158691,11973.35352
Europe,,1993,22.83309555,0,0.095707498,6.756226063,2042.758789,3064.163818,8842.119141,7005.543457,11207.05078
Europe,,1994,23.97990036,0,0.102548614,8.809559822,2077.449707,2979.244141,8438.881836,6476.772461,10876.20996
Europe,,1995,26.28833199,0,0.132551119,11.42290401,2086.523193,3054.508789,8537.651367,6357.188965,10733.0166
Europe,,1996,26.5230999,0,0.141331673,14.27805519,1957.337891,3238.193115,9068.158203,6163.899902,10565.2002
Europe,,1997,31.36771965,0,0.168322504,21.57270241,2026.477539,3265.973877,8655.780273,5895.841309,10620.09961
Europe,,1998,35.30904007,0,0.198376939,33.03245163,2100.054199,3227.998291,8868.485352,5670.360352,10740.86426
Europe,,1999,37.29869843,0,0.237115562,42.05967712,2140.902588,3298.12085,9048.177734,5434.796875,10628.09766
Europe,,2000,40.83784866,0,0.220180273,66.26673889,2220.466064,3346.949951,9259.316406,5580.73584,10464.43945
Europe,,2001,44.78116989,0,0.570586383,78.92657471,2238.356689,3436.303467,9413.886719,5552.182129,10656.62012
Europe,,2002,50.94703674,0,0.918724716,106.2401428,2021.292603,3464.951416,9468.499023,5544.816406,10553.80859
Europe,,2003,58.28682327,0,1.35926187,130.0774078,1886.635742,3493.02124,9779.31543,5715.427246,10666.91699
Europe,,2004,69.2460556,0,2.164393902,172.1990814,2018.393799,3504.550537,10045.51563,5570.407715,10724.00195
Europe,,2005,79.35106659,0,4.330589294,204.9933777,2018.164551,3461.139893,10212.31738,5399.341797,10793.97852
Europe,,2006,89.88837433,0,7.310085297,238.0290375,1966.195068,3452.658447,10348,5594.431152,10895.52344
Europe,,2007,99.98390961,0,10.96469498,300.1906738,1994.020752,3299.110107,10317.6123,5584.816406,10682.38379
Europe,,2008,110.3596268,0,21.32575226,340.9291687,2036.11853,3284.852295,10332.94238,5385.916016,10634.05859
Europe,,2009,120.6333313,0,40.00514984,376.0796204,2033.179443,3130.831787,9584.75,4794.521484,10115.40527
Europe,,2010,136.5474091,0,65.21232605,417.8141479,2122.022705,3202.68042,10317.74512,4956.086426,10068.5
Europe,,2011,145.8356628,0,129.9433289,501.9176025,1876.999878,3168.974121,9934.398438,5147.805664,9965.851563
Europe,,2012,162.1386871,0,198.0607147,573.56604,2005.156738,3093.97168,9704.394531,5267.59668,9708.623047
Europe,,2013,172.6667175,0,235.8863678,655.654541,2135.649658,3031.115723,9545.573242,5085.505371,9501.007813
Europe,,2014,183.3901215,0,264.0891724,694.612915,2104.773926,3050.571045,8946.786133,4729.880859,9421.044922
Europe,,2015,194.8334503,0,291.8780518,827.9968872,1984.917114,3007.29126,8898.147461,4620.250488,9452.68457
Europe,,2016,197.5782928,0,299.4394226,823.3269653,2057.831055,2925.395996,9313.681641,4403.330566,9657.932617
Europe,,2017,202.8266296,0,320.6885071,975.5048218,1894.136841,2909.418945,9565.499023,4148.79834,9771.101563
Europe,,2018,208.4813843,0,341.5918884,1015.198669,2056.393555,2895.887695,9739.818359,4134.544922,9806.185547
Europe,,2019,215.0703583,0,375.2486267,1154.79895,1936.217163,2880.987305,9746.000977,3578.727783,9810.035156
Europe,,2020,219.3716278,0,437.8909302,1284.850098,2081.754395,2644.863281,9369.796875,3085.281494,8636.170898
Europe,,2021,229.9936676,0,484.9103088,1242.020996,2116.456055,2789.52002,10073.81934,3253.385742,9087.599609
